model,R2_lik,R2_resid,R2_pred,BIC,AIC,nobs
budsize_abiotic,0.14415573695362915,0.14415573695362893,0.14415573695362882,2062.1055835061893,2038.8091139077712,780
budsize_biotic,0.1615430831341017,0.16154308313410193,0.16154308313410182,2046.0959078890046,2022.7994382905863,780
budsize_full,0.181067290190428,0.181067290190428,0.18106729019042778,2047.6959915033146,2010.4216401458455,780
flcolour_abiotic,0.0761166464290165,0.09247339415009381,0.06380085181857076,526.4957932246317,507.86888712791813,778
flcolour_biotic,0.09067019158438527,0.07330538708822565,0.07939135556885923,514.1427333141025,495.51582721738896,778
flcolour_full,0.10061100815398183,0.08923511244154214,0.08594944428326312,525.5609664330111,492.96388076376235,778
budsize_abiotic_PGLS,-0.6270016731607264,-23.311329748137066,0.3258779400412086,2203.515157841946,2180.9415943875833,675
budsize_biot_PGLS,-0.5950623529051902,-22.834079257573542,0.33096674050331776,2190.1325886686923,2167.5590252143297,675
budsize_PGLS,-0.5743820852287824,-22.525066172304758,0.33006927755444115,2200.86800391356,2164.7503023865797,675
