model,R2_lik,R2_resid,R2_pred,BIC,AIC,nobs
budsize_abiotic,0.14415573695362915,0.14415573695362893,0.14415573695362882,2062.1055835061893,2038.8091139077712,780
budsize_biotic,0.1601783220384182,0.16017832203841798,0.16017832203841786,2040.7051922525227,2022.068016573788,780
budsize_full,0.17983396895742032,0.17983396895742054,0.17983396895742043,2042.210502088897,2009.5954446511116,780
flcolour_abiotic,0.0761166464290165,0.09247339415009381,0.06380085181857076,526.4957932246317,507.86888712791813,778
flcolour_biotic,0.09015071012808962,0.0731958100235226,0.07902156026682694,507.9303353163061,493.96015574377094,778
flcolour_full,0.0994826252466372,0.09351869119976519,0.08547232120850834,519.879715114891,491.9393559698207,778
budsize_abiotic_PGLS,-0.6270016731607264,-23.311329748137066,0.3258779400412086,2203.515157841946,2180.9415943875833,675
budsize_biot_PGLS,-0.595235871565047,-22.83667204492392,0.33040904616287237,2183.691301775208,2165.632451011718,675
budsize_PGLS,-0.5748636905202367,-22.53226251711626,0.3316047827015238,2194.559742924088,2162.9567540879802,675
