model,R2_lik,R2_resid,R2_pred,BIC,AIC,nobs
budsize_abiotic,0.14415573695362915,0.14415573695362893,0.14415573695362882,2062.1055835061893,2038.8091139077712,780
budsize_biotic,0.16109718498279546,0.16109718498279502,0.16109718498279502,2039.8513140000903,2021.2141383213557,780
budsize_full,0.18071141283283565,0.18071141283283587,0.18071141283283576,2041.3755826216911,2008.7605251839057,780
flcolour_abiotic,0.0761166464290165,0.09247339415009381,0.06380085181857076,526.4957932246317,507.86888712791813,778
flcolour_biotic,0.09065426272440313,0.0730707672669767,0.07972467625750279,507.49963500755297,493.5294554350178,778
flcolour_full,0.10002186406537816,0.09288766729386955,0.08561509612906948,519.4137013858553,491.473342240785,778
budsize_abiotic_PGLS,-0.6270016731607264,-23.311329748137066,0.3258779400412086,2203.515157841946,2180.9415943875833,675
budsize_biot_PGLS,-0.595235871565047,-22.83667204492392,0.33040904616287237,2183.691301775208,2165.632451011718,675
budsize_PGLS,-0.5748636905202367,-22.53226251711626,0.3316047827015238,2194.559742924088,2162.9567540879802,675
