r.squared,adj.r.squared,sigma,statistic,p.value,df,logLik,AIC,BIC,deviance,df.residual,nobs,slope,regression_name
0.13643064289091406,0.13532065657072256,0.8934693243319849,122.91200387709353,1.2735586164082167e-26,1,-1017.909015591719,2041.818031183438,2055.795912942489,621.0676232803133,778,780,-0.6170594803496238,lmbudszavp
0.09901229113284805,0.09786307211643597,0.6856657887414472,86.15615450043674,1.5911243888778155e-19,1,-817.6755553737197,1641.3511107474394,1655.351981124727,368.58785789873787,784,786,0.39490189395649994,lmlfszavp
0.003445230962755105,0.0021643122364861656,0.959801933703043,2.6896561757593633,0.10140583557970707,1,-1073.7686704568923,2153.5373409137846,2167.5152226728355,716.7089670093983,778,780,0.012843259428521261,lmbudszmat
0.030400653148770933,0.029165494745138854,0.7116277685291914,24.612756598161,8.596232190677155e-7,1,-847.9657157153384,1701.9314314306769,1715.936116175929,397.5350535393416,785,787,0.02877856530835422,lmlfszmat
0.09933804100169026,0.09818037781531719,0.9124560280226925,85.8091042118279,1.8940490275115981e-19,1,-1034.3107727917968,2074.6215455835936,2088.5994273426445,647.7441303923101,778,780,-0.6013851889276701,lmbudszmap
0.22926325559176725,0.22828142534411355,0.6344680561757181,233.5060018161175,2.415427944591688e-46,1,-757.6432708434276,1521.2865416868551,1535.2912264321074,316.0015257313044,785,787,0.689107675261775,lmlfszmap
0.15132382586011428,0.1502329824486235,0.8857313969732428,138.7218589451808,1.3929333129755842e-29,1,-1011.1243719911164,2028.2487439822328,2042.2266257412837,610.356643700486,778,780,-0.7492830277108936,lmbudszbat
