r.squared,adj.r.squared,sigma,statistic,p.value,df,logLik,AIC,BIC,deviance,df.residual,nobs,slope,regression_name
0.13643064289091403,0.13532065657072245,0.8934693243319849,122.91200387709351,1.2735586164082348e-26,1,-1017.909015591719,2041.818031183438,2055.795912942489,621.0676232803133,778,780,-0.6170594803496238,lmbudszavp
0.003445230962755105,0.0021643122364861656,0.959801933703043,2.6896561757593633,0.10140583557970707,1,-1073.7686704568923,2153.5373409137846,2167.5152226728355,716.7089670093983,778,780,0.012843259428521261,lmbudszmat
0.09933804100169027,0.09818037781531719,0.9124560280226925,85.80910421182791,1.8940490275115981e-19,1,-1034.3107727917968,2074.6215455835936,2088.5994273426445,647.7441303923101,778,780,-0.6013851889276701,lmbudszmap
0.15132382586011428,0.1502329824486235,0.8857313969732428,138.7218589451808,1.3929333129755842e-29,1,-1011.1243719911164,2028.2487439822328,2042.2266257412837,610.356643700486,778,780,-0.7492830277108936,lmbudszbat
0.12021241991329588,0.1190815875481459,0.9018201774514581,106.30436801952486,1.8850675467046167e-23,1,-1025.1654635412954,2056.3309270825907,2070.3088088416416,632.7315540527749,778,780,-0.04278403278349155,lmbudszbird
