r.squared,adj.r.squared,sigma,statistic,p.value,df,logLik,AIC,BIC,deviance,df.residual,nobs,slope,regression_name
0.1256324784833657,0.12450861277447545,0.8990379890273414,111.78602344528993,1.6670169566729446e-24,1,-1022.7553806844251,2051.51076136885,2065.488643127901,628.8335198457457,778,780,-0.584104135711777,lmbudszavp
0.0905283209341681,0.08936828052719636,0.6888864420911277,78.03893760088195,6.549761052623972e-18,1,-821.3588467154839,1648.7176934309678,1662.7185638082553,372.05859159602653,784,786,0.3723816345402003,lmlfszavp
0.003927311523374052,0.002647012437928531,0.9595697548806247,3.067495375119616,0.08026647733381476,1,-1073.5799634092195,2153.159926818439,2167.13780857749,716.3622610667331,778,780,0.013607021116231242,lmbudszmat
0.030337870461314528,0.029102632079736623,0.7116508075198368,24.56033662308947,8.825972721551791e-7,1,-847.9911944739517,1701.9823889479035,1715.9870736931557,397.5607943972541,785,787,0.028531259006658583,lmlfszmat
0.09947794828236381,0.09832046492540025,0.9123851555947432,85.9433076803169,1.781755427947401e-19,1,-1034.2501861562862,2074.5003723125724,2088.4782540716233,647.6435109324228,778,780,-0.5996994078364613,lmbudszmap
0.23074649619991558,0.22976655543074354,0.6338572626801934,235.4698400749928,1.1304485650636454e-46,1,-756.8852720697824,1519.770544139565,1533.7752288848171,315.3933981201557,785,787,0.6889626336418488,lmlfszmap
0.15569621032860226,0.1546109869485619,0.8834468040209881,143.46927387687893,1.841672042690302e-30,1,-1009.1098960132152,2024.2197920264305,2038.1976737854814,607.2120828061506,778,780,-0.7603427629892743,lmbudszbat
